{"model": "ARIMA", "metrics": {"MAE": 600.15396597737, "MSE": 560160.3385412937, "RMSE": 748.4386003816837, "R2": 0.6865973472036389, "MAPE": 7.361679015711305}}