{"model": "LSTM", "metrics": {"MAE": 205.29331618088943, "MSE": 130414.75569005654, "RMSE": 361.1298321795868, "R2": 0.9256297014311178, "MAPE": 20.52455409018395}}