{"model": "PROPHET", "metrics": {"MAE": 420.3663831156773, "MSE": 282848.5395686443, "RMSE": 531.8350680132369, "R2": 0.841749805294623, "MAPE": 5.649537188458609}}