{"changepoint_prior_scale": 0.475020650976106, "seasonality_prior_scale": 0.03354185253042391, "holidays_prior_scale": 8.52125640824534}